email,password,user,uid,user_id,last_password,tags
friend_17730516336770zn8b@loadtest.local,PwdqhiVTUnYU,friend_17730516336770zn8,1067,u287283792,PwdPHdBF9RsW,loadtest
friend_1773051654289fm5xi@loadtest.local,PwdKVHQi8Whd,friend_1773051654289fm5x,1068,u426718921,PwdL191a6nTu,loadtest
group_34028411jv9lcyb@loadtest.local,PwdmU8Fu2gM8,group_34028411jv9lcyb,1082,u349351329,Pwdw3PhD2kVF,loadtest
group_34032762aw9gz7p@loadtest.local,Pwd2zXZarxHl,group_34032762aw9gz7p,1083,u296415071,PwdnaJLrB0nG,loadtest
register_33899552mf3uu6i@loadtest.local,PwdAiwnyYHPO,register_33899552mf3uu6i,1078,u311871380,Pwd5T87uZJPB,loadtest
register_33904528xfa3wz4@loadtest.local,PwdZ5R096xor,register_33904528xfa3wz4,1079,u238900926,Pwdv9ZsJj9py,loadtest
register_44232695aj25kh1@loadtest.local,PwdiOV9Rcitq,register_44232695aj25kh1,1087,u887406438,Pwdru1WnLjHP,loadtest
register_44232697sfoodh8@loadtest.local,Pwd6NzA3Se34,register_44232697sfoodh8,1085,u309069956,Pwd3GtykM98O,loadtest
register_44232699kcdvjm9@loadtest.local,PwdsyouaQ1T6,register_44232699kcdvjm9,1084,u123832746,PwdAJEiZ3THj,loadtest
register_44242221s3jb4ei@loadtest.local,PwdnV0kpfY5o,register_44242221s3jb4ei,1088,u611825071,PwdDGxP0C6R2,loadtest
register_44244968b29rhud@loadtest.local,PwdZcKg0Aewc,register_44244968b29rhud,1090,u700268306,PwdlU5b7IBQf,loadtest
register_44255307l8b4ftj@loadtest.local,PwdvvLEIGI6T,register_44255307l8b4ftj,1091,u628143951,PwdyYIiV3cWx,loadtest
register_44256649n1lybeh@loadtest.local,Pwd8kDDUPDBX,register_44256649n1lybeh,1092,u755626546,PwdmSfdVzaCl,loadtest
register_44258849711t1qj@loadtest.local,Pwdd1dH4BTO0,register_44258849711t1qj,1093,u650806311,PwdbTGda0GIm,loadtest
register_44266388ekttm9y@loadtest.local,PwdzLnVg5yfP,register_44266388ekttm9y,1094,u482839424,PwdxGFa3UAxG,loadtest
register_442712274fux69g@loadtest.local,Pwdt6RaSq26C,register_442712274fux69g,1095,u893785099,PwdmJiILM98k,loadtest
